{
    "GAM": 0.1,
    "V0": 150,
    "ALP0": 350,
    "ALP1": 0.00035,
    "ALP2": 0,
    "BET0": 0.6,
    "BET1": 0.00035,
    "BET2": 0,
    "KAP": 1
}