{
    "robot0": {
        "translation": [
            0.9707374511079951,
            0,
            -2.0556741642863856
        ],
        "rotation": [
            0,
            1,
            0,
            0.9393179749987508
        ]
    },
    "robot1": {
        "translation": [
            2.199966049750101,
            0,
            1.795235694620053
        ],
        "rotation": [
            0,
            1,
            0,
            -0.16865009376649676
        ]
    },
    "robot2": {
        "translation": [
            -1.5289466296325633,
            0,
            1.8628700668108058
        ],
        "rotation": [
            0,
            1,
            0,
            0.04760532542611573
        ]
    },
    "robot3": {
        "translation": [
            -2.1256289078900332,
            0,
            -1.0242725383624662
        ],
        "rotation": [
            0,
            1,
            0,
            -0.15252065725620345
        ]
    },
    "robot4": {
        "translation": [
            0.6416663082730589,
            0,
            0.9713306625497498
        ],
        "rotation": [
            0,
            1,
            0,
            1.0608495239104874
        ]
    },
    "robot5": {
        "translation": [
            0.6938245274036134,
            0,
            -1.2940376926653085
        ],
        "rotation": [
            0,
            1,
            0,
            -0.1627990398263648
        ]
    }
}